,0,1,2,3,4,5,6
0,2,2.0,3.0,1.0,3.0,Single_and_stud,0
1,2,7.072727272727272,3.0,6.0,2.2181818181818183,Single_and_stud,0
2,2,10.0,4.0,0.0,1.0,Committed_inside_campus,0
3,2,1.0,1.0,5.0,2.0,Committed_inside_campus,0
4,2,11.0,1.0,5.0,1.0,Single_and_stud,0
5,2,7.0,3.0,6.0,2.0,Long_distance_lover,0
6,2,2.0,1.0,0.0,1.0,Committed_inside_campus,0
7,2,2.0,2.0,5.0,0.0,Single_and_stud,0
8,2,7.072727272727272,3.0,6.0,2.2181818181818183,Single_and_stud,0
9,2,6.0,2.0,2.0,1.0,Long_distance_lover,0
10,2,13.0,4.0,6.0,0.0,Long_distance_lover,0
11,2,2.0,4.0,6.0,2.0,Single_and_stud,0
12,2,7.072727272727272,3.0,6.0,2.2181818181818183,Single_and_stud,0
13,2,0.0,3.0,3.0,1.0,Committed_inside_campus,0
14,2,4.0,3.0,2.0,4.0,Committed_inside_campus,0
15,2,1.0,3.0,4.0,4.0,Committed_inside_campus,0
16,2,1.0,1.0,3.0,4.0,Long_distance_lover,0
17,2,7.072727272727272,3.0,6.0,2.2181818181818183,Single_and_stud,0
18,2,7.072727272727272,3.0,6.0,2.2181818181818183,Single_and_stud,0
19,2,7.072727272727272,3.0,6.0,2.2181818181818183,Single_and_stud,0
20,2,7.0,4.0,2.0,1.0,Committed_inside_campus,0
21,2,4.0,2.0,2.0,4.0,Long_distance_lover,0
22,2,7.0,2.0,2.0,3.0,Long_distance_lover,0
23,2,10.0,1.0,4.0,4.0,Committed_inside_campus,0
24,2,3.0,4.0,4.0,4.0,Single_and_stud,0
25,2,3.0,3.0,4.0,0.0,Long_distance_lover,0
26,2,12.0,3.0,5.0,3.0,Long_distance_lover,0
27,2,11.0,3.0,0.0,0.0,Committed_inside_campus,0
28,2,7.072727272727272,3.0,6.0,2.2181818181818183,Single_and_stud,0
29,2,9.0,3.0,1.0,0.0,Committed_inside_campus,0
30,2,10.0,4.0,0.0,3.0,Long_distance_lover,0
31,2,4.0,2.0,2.0,1.0,Single_and_stud,0
32,2,8.0,3.0,1.0,1.0,Long_distance_lover,0
33,2,7.072727272727272,3.0,6.0,2.2181818181818183,Single_and_stud,0
34,2,5.0,3.0,1.0,3.0,Long_distance_lover,0
35,2,12.0,4.0,3.0,1.0,Long_distance_lover,0
36,2,0.0,4.0,3.0,2.0,Long_distance_lover,0
37,2,7.072727272727272,3.0,6.0,2.2181818181818183,Single_and_stud,0
38,2,8.0,0.0,6.0,1.0,Long_distance_lover,0
39,2,1.0,2.0,4.0,2.0,Committed_inside_campus,0
40,2,10.0,0.0,1.0,2.0,Single_and_stud,0
41,2,3.0,1.0,3.0,1.0,Long_distance_lover,0
42,2,10.0,3.0,2.0,0.0,Long_distance_lover,0
43,2,7.072727272727272,3.0,6.0,2.2181818181818183,Single_and_stud,0
44,2,7.072727272727272,3.0,6.0,2.2181818181818183,Single_and_stud,0
45,2,9.0,0.0,2.0,1.0,Single_and_stud,0
46,2,1.0,1.0,4.0,2.0,Committed_inside_campus,0
47,2,8.0,2.0,2.0,4.0,Single_and_stud,0
48,2,7.0,3.0,1.0,0.0,Long_distance_lover,0
49,2,7.072727272727272,3.0,6.0,2.2181818181818183,Single_and_stud,0
50,2,5.0,1.0,5.0,1.0,Single_and_stud,0
51,2,4.0,2.0,1.0,2.0,Committed_inside_campus,0
52,2,2.0,1.0,3.0,3.0,Committed_inside_campus,0
53,2,3.0,2.0,1.0,4.0,Single_and_stud,0
54,2,8.0,0.0,1.0,3.0,Single_and_stud,0
55,2,8.0,1.0,4.0,3.0,Committed_inside_campus,0
56,2,11.0,0.0,5.0,1.0,Single_and_stud,0
57,2,5.0,2.0,6.0,3.0,Single_and_stud,0
58,2,4.0,0.0,1.0,0.0,Committed_inside_campus,0
59,2,2.0,2.0,3.0,3.0,Single_and_stud,0
60,2,8.0,2.0,2.0,0.0,Committed_inside_campus,0
61,2,7.0,1.0,3.0,4.0,Long_distance_lover,0
62,2,4.0,1.0,6.0,3.0,Committed_inside_campus,0
63,2,7.072727272727272,3.0,6.0,2.2181818181818183,Single_and_stud,0
64,2,9.0,0.0,3.0,3.0,Long_distance_lover,0
65,2,12.0,0.0,2.0,4.0,Long_distance_lover,0
66,2,0.0,1.0,4.0,3.0,Long_distance_lover,0
67,2,11.0,1.0,6.0,1.0,Committed_inside_campus,0
68,2,9.0,0.0,3.0,4.0,Single_and_stud,0
69,2,6.0,4.0,0.0,0.0,Long_distance_lover,0
70,2,13.0,1.0,2.0,1.0,Committed_inside_campus,0
71,2,4.0,2.0,0.0,2.0,Single_and_stud,0
72,2,3.0,2.0,1.0,3.0,Committed_inside_campus,0
73,2,7.072727272727272,3.0,6.0,2.2181818181818183,Single_and_stud,0
74,2,1.0,2.0,3.0,0.0,Single_and_stud,0
75,2,4.0,3.0,1.0,3.0,Long_distance_lover,0
76,2,3.0,0.0,3.0,0.0,Long_distance_lover,0
77,2,12.0,1.0,1.0,1.0,Long_distance_lover,0
78,2,7.072727272727272,3.0,6.0,2.2181818181818183,Single_and_stud,0
79,2,2.0,1.0,2.0,3.0,Single_and_stud,0
80,2,9.0,2.0,2.0,3.0,Single_and_stud,0
81,2,3.0,0.0,2.0,0.0,Long_distance_lover,0
82,2,10.0,4.0,5.0,0.0,Long_distance_lover,0
83,2,8.0,0.0,2.0,4.0,Committed_inside_campus,0
84,2,11.0,2.0,5.0,2.0,Long_distance_lover,0
85,2,10.0,4.0,6.0,0.0,Single_and_stud,0
86,2,9.0,4.0,2.0,1.0,Committed_inside_campus,0
87,2,2.0,2.0,4.0,3.0,Committed_inside_campus,0
88,2,6.0,4.0,2.0,1.0,Long_distance_lover,0
89,2,8.0,1.0,0.0,2.0,Committed_inside_campus,0
90,2,6.0,0.0,1.0,0.0,Committed_inside_campus,0
91,2,7.072727272727272,3.0,6.0,2.2181818181818183,Single_and_stud,0
92,2,9.0,4.0,6.0,0.0,Long_distance_lover,0
93,2,7.0,0.0,3.0,0.0,Single_and_stud,0
94,2,6.0,4.0,6.0,4.0,Single_and_stud,0
95,2,13.0,4.0,0.0,4.0,Long_distance_lover,0
96,2,4.0,4.0,5.0,4.0,Committed_inside_campus,0
97,2,13.0,1.0,3.0,3.0,Committed_inside_campus,0
98,2,1.0,0.0,4.0,0.0,Single_and_stud,0
99,2,12.0,3.0,1.0,1.0,Single_and_stud,0
100,2,4.0,3.0,4.0,0.0,Committed_inside_campus,0
101,2,3.0,4.0,1.0,2.0,Committed_inside_campus,0
102,2,3.0,1.0,6.0,3.0,Long_distance_lover,0
103,2,3.0,0.0,0.0,2.0,Committed_inside_campus,0
104,2,7.072727272727272,3.0,6.0,2.2181818181818183,Single_and_stud,0
105,2,7.072727272727272,3.0,6.0,2.2181818181818183,Single_and_stud,0
106,2,6.0,3.0,3.0,1.0,Committed_inside_campus,0
107,2,8.0,4.0,2.0,4.0,Single_and_stud,0
108,2,12.0,0.0,5.0,2.0,Committed_inside_campus,0
109,2,5.0,0.0,0.0,4.0,Single_and_stud,0
110,2,10.0,2.0,1.0,3.0,Long_distance_lover,0
111,2,9.0,1.0,4.0,1.0,Committed_inside_campus,0
112,2,6.0,1.0,1.0,1.0,Long_distance_lover,0
113,2,5.0,0.0,0.0,4.0,Long_distance_lover,0
114,2,3.0,1.0,1.0,3.0,Long_distance_lover,0
115,2,11.0,4.0,0.0,1.0,Committed_inside_campus,0
116,2,1.0,3.0,5.0,3.0,Long_distance_lover,0
117,2,4.0,3.0,1.0,4.0,Single_and_stud,0
118,2,4.0,1.0,0.0,1.0,Committed_inside_campus,0
119,2,11.0,4.0,5.0,4.0,Long_distance_lover,0
120,2,1.0,2.0,6.0,0.0,Single_and_stud,0
121,2,7.072727272727272,3.0,6.0,2.2181818181818183,Single_and_stud,0
122,2,11.0,4.0,4.0,2.0,Single_and_stud,0
123,2,7.072727272727272,3.0,6.0,2.2181818181818183,Single_and_stud,0
124,2,2.0,4.0,1.0,2.0,Long_distance_lover,0
125,2,5.0,2.0,3.0,1.0,Committed_inside_campus,0
126,2,3.0,3.0,5.0,1.0,Long_distance_lover,0
127,2,2.0,1.0,3.0,1.0,Long_distance_lover,0
128,2,6.0,0.0,1.0,2.0,Long_distance_lover,0
129,2,13.0,3.0,5.0,0.0,Committed_inside_campus,0
130,3,14.0,5.0,3.0,4.0,Long_distance_lover,0
131,3,7.072727272727272,3.0,6.0,2.2181818181818183,Single_and_stud,0
132,3,7.072727272727272,3.0,6.0,2.2181818181818183,Single_and_stud,0
133,3,1.0,1.0,2.0,3.0,Single_and_stud,0
134,3,8.0,0.0,7.0,3.0,Committed_inside_campus,0
135,3,2.0,5.0,3.0,0.0,Single_and_stud,0
136,3,7.072727272727272,3.0,6.0,2.2181818181818183,Single_and_stud,0
137,3,15.0,2.0,5.0,1.0,Long_distance_lover,0
138,3,7.072727272727272,3.0,6.0,2.2181818181818183,Single_and_stud,0
139,3,12.0,0.0,4.0,4.0,Committed_inside_campus,0
140,3,7.072727272727272,3.0,6.0,2.2181818181818183,Single_and_stud,0
141,3,6.0,5.0,3.0,0.0,Single_and_stud,0
142,3,7.072727272727272,3.0,6.0,2.2181818181818183,Single_and_stud,0
143,3,14.0,1.0,1.0,0.0,Committed_inside_campus,0
144,3,11.0,5.0,3.0,6.0,Long_distance_lover,0
145,3,7.072727272727272,3.0,6.0,2.2181818181818183,Single_and_stud,0
146,3,8.0,5.0,0.0,4.0,Long_distance_lover,0
147,3,7.072727272727272,3.0,6.0,2.2181818181818183,Single_and_stud,0
148,3,7.072727272727272,3.0,6.0,2.2181818181818183,Single_and_stud,0
149,3,7.072727272727272,3.0,6.0,2.2181818181818183,Single_and_stud,0
150,3,3.0,1.0,8.0,5.0,Long_distance_lover,0
151,3,12.0,4.0,8.0,2.0,Single_and_stud,0
152,3,6.0,0.0,7.0,5.0,Single_and_stud,0
153,3,8.0,4.0,6.0,6.0,Single_and_stud,0
154,3,9.0,2.0,3.0,6.0,Committed_inside_campus,0
155,3,7.072727272727272,3.0,6.0,2.2181818181818183,Single_and_stud,0
156,3,5.0,0.0,6.0,4.0,Single_and_stud,0
157,3,15.0,4.0,3.0,1.0,Committed_inside_campus,0
158,3,7.072727272727272,3.0,6.0,2.2181818181818183,Single_and_stud,0
159,3,6.0,0.0,0.0,1.0,Committed_inside_campus,0
160,3,14.0,4.0,5.0,1.0,Committed_inside_campus,0
161,3,7.072727272727272,3.0,6.0,2.2181818181818183,Single_and_stud,0
162,3,7.072727272727272,3.0,6.0,2.2181818181818183,Single_and_stud,0
163,3,7.072727272727272,3.0,6.0,2.2181818181818183,Single_and_stud,0
164,3,9.0,0.0,0.0,5.0,Long_distance_lover,0
165,3,4.0,3.0,1.0,1.0,Committed_inside_campus,0
166,3,5.0,4.0,0.0,0.0,Long_distance_lover,0
167,3,7.072727272727272,3.0,6.0,2.2181818181818183,Single_and_stud,0
168,3,15.0,3.0,8.0,6.0,Committed_inside_campus,0
169,3,8.0,2.0,6.0,6.0,Single_and_stud,0
170,3,7.072727272727272,3.0,6.0,2.2181818181818183,Single_and_stud,0
171,3,7.072727272727272,3.0,6.0,2.2181818181818183,Single_and_stud,0
172,3,0.0,4.0,8.0,2.0,Committed_inside_campus,0
173,3,7.072727272727272,3.0,6.0,2.2181818181818183,Single_and_stud,0
174,3,7.072727272727272,3.0,6.0,2.2181818181818183,Single_and_stud,0
175,3,10.0,2.0,6.0,5.0,Long_distance_lover,0
176,3,7.072727272727272,3.0,6.0,2.2181818181818183,Single_and_stud,0
177,3,2.0,3.0,0.0,5.0,Committed_inside_campus,0
178,3,3.0,3.0,3.0,0.0,Long_distance_lover,0
179,3,7.072727272727272,3.0,6.0,2.2181818181818183,Single_and_stud,0
180,3,9.0,4.0,6.0,5.0,Long_distance_lover,0
181,3,7.0,3.0,0.0,2.0,Single_and_stud,0
182,3,15.0,0.0,1.0,2.0,Single_and_stud,0
183,3,0.0,4.0,5.0,6.0,Committed_inside_campus,0
184,3,3.0,5.0,4.0,2.0,Committed_inside_campus,0
185,3,7.0,4.0,4.0,6.0,Committed_inside_campus,0
186,3,4.0,0.0,5.0,6.0,Single_and_stud,0
187,3,2.0,1.0,6.0,1.0,Long_distance_lover,0
188,3,10.0,4.0,2.0,5.0,Single_and_stud,0
189,3,1.0,5.0,6.0,0.0,Long_distance_lover,0
190,3,6.0,4.0,8.0,4.0,Committed_inside_campus,0
191,3,1.0,1.0,3.0,3.0,Committed_inside_campus,0
192,3,4.0,2.0,8.0,2.0,Committed_inside_campus,0
193,3,7.072727272727272,3.0,6.0,2.2181818181818183,Single_and_stud,0
194,3,9.0,2.0,2.0,1.0,Long_distance_lover,0
195,3,2.0,5.0,5.0,1.0,Long_distance_lover,0
196,3,0.0,1.0,4.0,5.0,Long_distance_lover,0
197,3,13.0,4.0,8.0,5.0,Committed_inside_campus,0
198,3,5.0,4.0,6.0,3.0,Single_and_stud,0
199,3,7.072727272727272,3.0,6.0,2.2181818181818183,Single_and_stud,0
200,3,10.0,1.0,7.0,6.0,Single_and_stud,0
201,3,3.0,4.0,8.0,3.0,Single_and_stud,0
202,3,0.0,5.0,7.0,0.0,Single_and_stud,0
203,3,7.072727272727272,3.0,6.0,2.2181818181818183,Single_and_stud,0
204,3,8.0,3.0,5.0,5.0,Long_distance_lover,0
205,3,14.0,0.0,8.0,3.0,Single_and_stud,0
206,3,14.0,3.0,8.0,6.0,Long_distance_lover,0
207,3,15.0,5.0,0.0,0.0,Long_distance_lover,0
208,3,7.072727272727272,3.0,6.0,2.2181818181818183,Single_and_stud,0
209,3,15.0,2.0,6.0,0.0,Single_and_stud,0
210,3,9.0,3.0,2.0,6.0,Single_and_stud,0
211,3,13.0,3.0,2.0,5.0,Committed_inside_campus,0
212,3,14.0,5.0,7.0,6.0,Single_and_stud,0
213,3,15.0,0.0,2.0,6.0,Single_and_stud,0
214,3,7.072727272727272,3.0,6.0,2.2181818181818183,Single_and_stud,0
215,3,0.0,5.0,0.0,2.0,Committed_inside_campus,0
216,3,3.0,2.0,6.0,6.0,Single_and_stud,0
217,3,13.0,0.0,6.0,4.0,Committed_inside_campus,0
218,3,13.0,5.0,3.0,4.0,Committed_inside_campus,0
219,3,13.0,1.0,7.0,0.0,Long_distance_lover,0
220,3,2.0,0.0,7.0,3.0,Long_distance_lover,0
221,3,7.072727272727272,3.0,6.0,2.2181818181818183,Single_and_stud,0
222,3,5.0,3.0,4.0,2.0,Long_distance_lover,0
223,3,2.0,5.0,7.0,6.0,Long_distance_lover,0
224,3,15.0,3.0,3.0,5.0,Single_and_stud,0
225,3,10.0,1.0,4.0,5.0,Committed_inside_campus,0
226,3,7.072727272727272,3.0,6.0,2.2181818181818183,Single_and_stud,0
227,3,3.0,3.0,6.0,1.0,Committed_inside_campus,0
228,3,11.0,3.0,8.0,5.0,Long_distance_lover,0
229,3,8.0,3.0,3.0,2.0,Committed_inside_campus,0
230,3,7.072727272727272,3.0,6.0,2.2181818181818183,Single_and_stud,0
231,3,7.072727272727272,3.0,6.0,2.2181818181818183,Single_and_stud,0
232,3,11.0,1.0,5.0,3.0,Committed_inside_campus,0
233,3,12.0,4.0,3.0,6.0,Committed_inside_campus,0
234,3,7.072727272727272,3.0,6.0,2.2181818181818183,Single_and_stud,0
235,3,7.072727272727272,3.0,6.0,2.2181818181818183,Single_and_stud,0
236,3,6.0,0.0,0.0,6.0,Long_distance_lover,0
237,3,5.0,5.0,4.0,1.0,Single_and_stud,0
238,3,9.0,2.0,4.0,3.0,Committed_inside_campus,0
239,3,1.0,3.0,2.0,0.0,Single_and_stud,0
240,3,14.0,5.0,4.0,6.0,Long_distance_lover,0
241,3,14.0,3.0,1.0,1.0,Committed_inside_campus,0
242,3,3.0,1.0,0.0,2.0,Committed_inside_campus,0
243,3,5.0,2.0,8.0,3.0,Single_and_stud,0
244,3,14.0,5.0,4.0,3.0,Long_distance_lover,0
245,3,12.0,1.0,3.0,3.0,Committed_inside_campus,0
246,3,11.0,4.0,2.0,4.0,Committed_inside_campus,0
247,3,7.0,1.0,1.0,5.0,Single_and_stud,0
248,3,7.072727272727272,3.0,6.0,2.2181818181818183,Single_and_stud,0
249,3,10.0,2.0,5.0,0.0,Single_and_stud,0
250,3,10.0,3.0,1.0,5.0,Single_and_stud,0
251,3,7.072727272727272,3.0,6.0,2.2181818181818183,Single_and_stud,0
252,3,6.0,5.0,3.0,6.0,Long_distance_lover,0
253,3,7.072727272727272,3.0,6.0,2.2181818181818183,Single_and_stud,0
254,3,10.0,5.0,5.0,3.0,Single_and_stud,0
255,3,8.0,0.0,1.0,4.0,Single_and_stud,0
256,3,4.0,1.0,1.0,0.0,Committed_inside_campus,0
257,3,0.0,4.0,0.0,6.0,Committed_inside_campus,0
258,3,9.0,2.0,3.0,2.0,Committed_inside_campus,0
259,3,7.072727272727272,3.0,6.0,2.2181818181818183,Single_and_stud,0
260,3,8.0,3.0,0.0,4.0,Single_and_stud,0
261,3,7.072727272727272,3.0,6.0,2.2181818181818183,Single_and_stud,0
262,3,12.0,5.0,7.0,6.0,Committed_inside_campus,0
263,3,13.0,0.0,4.0,3.0,Committed_inside_campus,0
264,3,0.0,0.0,8.0,3.0,Long_distance_lover,0
265,3,9.0,2.0,2.0,5.0,Committed_inside_campus,0
266,3,7.072727272727272,3.0,6.0,2.2181818181818183,Single_and_stud,0
267,3,7.072727272727272,3.0,6.0,2.2181818181818183,Single_and_stud,0
268,3,8.0,0.0,3.0,6.0,Committed_inside_campus,0
269,3,4.0,2.0,5.0,0.0,Single_and_stud,0
270,5,2.0,2.0,4.0,1.0,Long_distance_lover,0
271,5,7.072727272727272,3.0,6.0,2.2181818181818183,Committed_inside_campus,0
272,5,7.072727272727272,3.0,6.0,2.2181818181818183,Committed_inside_campus,0
273,5,12.0,0.0,5.0,3.0,Committed_inside_campus,0
274,5,7.0,1.0,6.0,0.0,Long_distance_lover,0
275,5,8.0,4.0,4.0,3.0,Committed_inside_campus,0
276,5,7.072727272727272,3.0,6.0,2.2181818181818183,Committed_inside_campus,0
277,5,5.0,5.0,5.0,4.0,Single_and_stud,0
278,5,7.072727272727272,3.0,6.0,2.2181818181818183,Committed_inside_campus,0
279,5,8.0,3.0,4.0,0.0,Long_distance_lover,0
280,5,7.072727272727272,3.0,6.0,2.2181818181818183,Committed_inside_campus,0
281,5,3.0,1.0,0.0,1.0,Single_and_stud,0
282,5,7.072727272727272,3.0,6.0,2.2181818181818183,Committed_inside_campus,0
283,5,7.0,3.0,5.0,2.0,Committed_inside_campus,0
284,5,13.0,0.0,5.0,0.0,Committed_inside_campus,0
285,5,7.072727272727272,3.0,6.0,2.2181818181818183,Committed_inside_campus,0
286,5,10.0,3.0,5.0,0.0,Committed_inside_campus,0
287,5,7.072727272727272,3.0,6.0,2.2181818181818183,Committed_inside_campus,0
288,5,7.072727272727272,3.0,6.0,2.2181818181818183,Committed_inside_campus,0
289,5,7.072727272727272,3.0,6.0,2.2181818181818183,Committed_inside_campus,0
290,5,4.0,2.0,6.0,3.0,Long_distance_lover,0
291,5,13.0,4.0,4.0,4.0,Committed_inside_campus,0
292,5,7.072727272727272,3.0,6.0,2.2181818181818183,Committed_inside_campus,0
293,5,7.0,3.0,4.0,2.0,Long_distance_lover,0
294,5,10.0,5.0,4.0,4.0,Single_and_stud,0
295,5,7.072727272727272,3.0,6.0,2.2181818181818183,Committed_inside_campus,0
296,5,13.0,1.0,3.0,3.0,Single_and_stud,0
297,5,8.0,2.0,4.0,0.0,Committed_inside_campus,0
298,5,7.072727272727272,3.0,6.0,2.2181818181818183,Committed_inside_campus,0
299,5,14.0,4.0,3.0,4.0,Committed_inside_campus,0
300,5,6.0,3.0,6.0,0.0,Committed_inside_campus,0
301,5,7.072727272727272,3.0,6.0,2.2181818181818183,Committed_inside_campus,0
302,5,7.072727272727272,3.0,6.0,2.2181818181818183,Committed_inside_campus,0
303,5,7.072727272727272,3.0,6.0,2.2181818181818183,Committed_inside_campus,0
304,5,6.0,5.0,3.0,2.0,Committed_inside_campus,0
305,5,7.072727272727272,3.0,6.0,2.2181818181818183,Committed_inside_campus,0
306,5,12.0,2.0,2.0,1.0,Committed_inside_campus,0
307,5,7.072727272727272,3.0,6.0,2.2181818181818183,Committed_inside_campus,0
308,5,6.0,3.0,3.0,2.0,Long_distance_lover,0
309,5,7.072727272727272,3.0,6.0,2.2181818181818183,Committed_inside_campus,0
310,5,7.072727272727272,3.0,6.0,2.2181818181818183,Committed_inside_campus,0
311,5,7.072727272727272,3.0,6.0,2.2181818181818183,Committed_inside_campus,0
312,5,5.0,4.0,3.0,4.0,Single_and_stud,0
313,5,7.072727272727272,3.0,6.0,2.2181818181818183,Committed_inside_campus,0
314,5,7.072727272727272,3.0,6.0,2.2181818181818183,Committed_inside_campus,0
315,5,9.0,5.0,2.0,0.0,Single_and_stud,0
316,5,7.072727272727272,3.0,6.0,2.2181818181818183,Committed_inside_campus,0
317,5,13.0,3.0,2.0,2.0,Committed_inside_campus,0
318,5,2.0,2.0,2.0,0.0,Committed_inside_campus,0
319,5,7.072727272727272,3.0,6.0,2.2181818181818183,Committed_inside_campus,0
320,5,1.0,2.0,4.0,3.0,Long_distance_lover,0
321,5,7.0,0.0,4.0,0.0,Committed_inside_campus,0
322,5,14.0,5.0,0.0,4.0,Single_and_stud,0
323,5,5.0,2.0,6.0,1.0,Committed_inside_campus,0
324,5,7.0,5.0,1.0,1.0,Long_distance_lover,0
325,5,0.0,5.0,3.0,2.0,Committed_inside_campus,0
326,5,9.0,4.0,3.0,2.0,Long_distance_lover,0
327,5,7.072727272727272,3.0,6.0,2.2181818181818183,Committed_inside_campus,0
328,5,2.0,1.0,2.0,2.0,Committed_inside_campus,0
329,5,12.0,5.0,4.0,1.0,Committed_inside_campus,0
330,5,2.0,0.0,0.0,1.0,Committed_inside_campus,0
331,5,13.0,5.0,3.0,3.0,Long_distance_lover,0
332,5,12.0,4.0,0.0,3.0,Committed_inside_campus,0
333,5,7.072727272727272,3.0,6.0,2.2181818181818183,Committed_inside_campus,0
334,5,2.0,2.0,4.0,3.0,Long_distance_lover,0
335,5,5.0,0.0,6.0,4.0,Single_and_stud,0
336,5,7.072727272727272,3.0,6.0,2.2181818181818183,Committed_inside_campus,0
337,5,14.0,2.0,1.0,2.0,Single_and_stud,0
338,5,0.0,2.0,6.0,1.0,Committed_inside_campus,0
339,5,7.072727272727272,3.0,6.0,2.2181818181818183,Committed_inside_campus,0
340,5,7.072727272727272,3.0,6.0,2.2181818181818183,Committed_inside_campus,0
341,5,7.072727272727272,3.0,6.0,2.2181818181818183,Committed_inside_campus,0
342,5,14.0,2.0,0.0,3.0,Long_distance_lover,0
343,5,7.072727272727272,3.0,6.0,2.2181818181818183,Committed_inside_campus,0
344,5,1.0,0.0,5.0,3.0,Long_distance_lover,0
345,5,2.0,5.0,2.0,1.0,Long_distance_lover,0
346,5,7.072727272727272,3.0,6.0,2.2181818181818183,Committed_inside_campus,0
347,5,7.0,4.0,1.0,1.0,Committed_inside_campus,0
348,5,7.072727272727272,3.0,6.0,2.2181818181818183,Committed_inside_campus,0
349,5,6.0,2.0,0.0,4.0,Committed_inside_campus,0
350,5,7.0,3.0,5.0,1.0,Committed_inside_campus,0
351,5,14.0,3.0,6.0,4.0,Committed_inside_campus,0
352,5,9.0,3.0,6.0,0.0,Single_and_stud,0
353,5,13.0,1.0,6.0,2.0,Long_distance_lover,0
354,5,7.072727272727272,3.0,6.0,2.2181818181818183,Committed_inside_campus,0
355,5,0.0,2.0,0.0,2.0,Long_distance_lover,0
356,5,14.0,5.0,6.0,2.0,Single_and_stud,0
357,5,11.0,4.0,1.0,3.0,Single_and_stud,0
358,5,7.072727272727272,3.0,6.0,2.2181818181818183,Committed_inside_campus,0
359,5,7.072727272727272,3.0,6.0,2.2181818181818183,Committed_inside_campus,0
360,5,0.0,3.0,3.0,1.0,Single_and_stud,0
361,5,7.072727272727272,3.0,6.0,2.2181818181818183,Committed_inside_campus,0
362,5,2.0,0.0,2.0,3.0,Long_distance_lover,0
363,5,14.0,0.0,2.0,0.0,Committed_inside_campus,0
364,5,13.0,2.0,4.0,3.0,Committed_inside_campus,0
365,5,1.0,1.0,4.0,1.0,Long_distance_lover,0
366,5,7.072727272727272,3.0,6.0,2.2181818181818183,Committed_inside_campus,0
367,5,5.0,0.0,5.0,2.0,Long_distance_lover,0
368,5,7.072727272727272,3.0,6.0,2.2181818181818183,Committed_inside_campus,0
369,5,6.0,1.0,4.0,3.0,Single_and_stud,0
370,5,7.072727272727272,3.0,6.0,2.2181818181818183,Committed_inside_campus,0
371,5,7.072727272727272,3.0,6.0,2.2181818181818183,Committed_inside_campus,0
372,5,11.0,3.0,2.0,3.0,Single_and_stud,0
373,5,10.0,4.0,3.0,3.0,Single_and_stud,0
374,5,7.072727272727272,3.0,6.0,2.2181818181818183,Committed_inside_campus,0
375,5,7.072727272727272,3.0,6.0,2.2181818181818183,Committed_inside_campus,0
376,5,0.0,5.0,3.0,2.0,Single_and_stud,0
377,5,12.0,4.0,0.0,3.0,Single_and_stud,0
378,5,12.0,5.0,1.0,0.0,Single_and_stud,0
379,5,9.0,4.0,6.0,0.0,Long_distance_lover,0
380,5,7.072727272727272,3.0,6.0,2.2181818181818183,Committed_inside_campus,0
381,5,11.0,2.0,6.0,0.0,Single_and_stud,0
382,5,6.0,4.0,5.0,2.0,Single_and_stud,0
383,5,3.0,3.0,1.0,1.0,Long_distance_lover,0
384,5,7.072727272727272,3.0,6.0,2.2181818181818183,Committed_inside_campus,0
385,5,7.072727272727272,3.0,6.0,2.2181818181818183,Committed_inside_campus,0
386,5,9.0,4.0,3.0,0.0,Long_distance_lover,0
387,5,7.072727272727272,3.0,6.0,2.2181818181818183,Committed_inside_campus,0
388,5,7.072727272727272,3.0,6.0,2.2181818181818183,Committed_inside_campus,0
389,5,3.0,1.0,2.0,1.0,Single_and_stud,0
390,5,13.0,1.0,5.0,4.0,Committed_inside_campus,0
391,5,7.072727272727272,3.0,6.0,2.2181818181818183,Committed_inside_campus,0
392,5,3.0,1.0,0.0,4.0,Single_and_stud,0
393,5,7.072727272727272,3.0,6.0,2.2181818181818183,Committed_inside_campus,0
394,5,5.0,0.0,3.0,4.0,Long_distance_lover,0
395,5,12.0,1.0,1.0,0.0,Committed_inside_campus,0
396,5,0.0,3.0,5.0,2.0,Committed_inside_campus,0
397,5,9.0,4.0,2.0,2.0,Committed_inside_campus,0
398,5,7.072727272727272,3.0,6.0,2.2181818181818183,Committed_inside_campus,0
399,5,7.072727272727272,3.0,6.0,2.2181818181818183,Committed_inside_campus,0
400,5,2.0,2.0,5.0,2.0,Committed_inside_campus,0
401,5,7.072727272727272,3.0,6.0,2.2181818181818183,Committed_inside_campus,0
402,5,2.0,4.0,4.0,1.0,Committed_inside_campus,0
403,5,5.0,1.0,1.0,4.0,Single_and_stud,0
404,5,0.0,0.0,6.0,4.0,Committed_inside_campus,0
405,5,6.0,2.0,5.0,3.0,Committed_inside_campus,0
406,5,7.072727272727272,3.0,6.0,2.2181818181818183,Committed_inside_campus,0
407,5,7.072727272727272,3.0,6.0,2.2181818181818183,Committed_inside_campus,0
408,5,6.0,5.0,4.0,0.0,Single_and_stud,0
409,5,13.0,2.0,3.0,3.0,Single_and_stud,0
410,5,5.0,3.0,0.0,1.0,Single_and_stud,0
411,5,14.0,5.0,1.0,3.0,Committed_inside_campus,0
412,5,13.0,2.0,0.0,4.0,Single_and_stud,0
413,5,13.0,2.0,3.0,2.0,Long_distance_lover,0
414,5,14.0,3.0,5.0,3.0,Single_and_stud,0
415,5,13.0,3.0,0.0,4.0,Single_and_stud,0
416,5,6.0,5.0,6.0,3.0,Committed_inside_campus,0
417,5,5.0,1.0,6.0,4.0,Single_and_stud,0
418,5,6.0,1.0,2.0,3.0,Committed_inside_campus,0
419,5,3.0,1.0,3.0,3.0,Long_distance_lover,0
420,6,0.0,6.0,1.0,2.0,Long_distance_lover,0
421,6,7.072727272727272,3.0,6.0,2.2181818181818183,Single_and_stud,0
422,6,7.072727272727272,3.0,6.0,2.2181818181818183,Single_and_stud,0
423,6,6.0,5.0,4.0,2.0,Committed_inside_campus,0
424,6,8.0,7.0,1.0,2.0,Committed_inside_campus,0
425,6,8.0,1.0,1.0,0.0,Single_and_stud,0
426,6,7.072727272727272,3.0,6.0,2.2181818181818183,Single_and_stud,0
427,6,11.0,1.0,0.0,0.0,Long_distance_lover,0
428,6,7.072727272727272,3.0,6.0,2.2181818181818183,Single_and_stud,0
429,6,7.0,7.0,4.0,2.0,Long_distance_lover,0
430,6,7.072727272727272,3.0,6.0,2.2181818181818183,Single_and_stud,0
431,6,20.0,2.0,4.0,1.0,Single_and_stud,0
432,6,7.072727272727272,3.0,6.0,2.2181818181818183,Single_and_stud,0
433,6,19.0,1.0,3.0,0.0,Single_and_stud,0
434,6,18.0,4.0,2.0,0.0,Committed_inside_campus,0
435,6,7.072727272727272,3.0,6.0,2.2181818181818183,Single_and_stud,0
436,6,1.0,3.0,1.0,0.0,Committed_inside_campus,0
437,6,7.072727272727272,3.0,6.0,2.2181818181818183,Single_and_stud,0
438,6,7.072727272727272,3.0,6.0,2.2181818181818183,Single_and_stud,0
439,6,7.072727272727272,3.0,6.0,2.2181818181818183,Single_and_stud,0
440,6,7.072727272727272,3.0,6.0,2.2181818181818183,Single_and_stud,0
441,6,11.0,7.0,4.0,1.0,Single_and_stud,0
442,6,7.072727272727272,3.0,6.0,2.2181818181818183,Single_and_stud,0
443,6,11.0,0.0,1.0,1.0,Single_and_stud,0
444,6,7.0,7.0,4.0,2.0,Long_distance_lover,0
445,6,7.072727272727272,3.0,6.0,2.2181818181818183,Single_and_stud,0
446,6,20.0,2.0,4.0,1.0,Committed_inside_campus,0
447,6,6.0,5.0,2.0,0.0,Long_distance_lover,0
448,6,7.072727272727272,3.0,6.0,2.2181818181818183,Single_and_stud,0
449,6,5.0,4.0,1.0,0.0,Long_distance_lover,0
450,6,12.0,7.0,0.0,1.0,Single_and_stud,0
451,6,7.072727272727272,3.0,6.0,2.2181818181818183,Single_and_stud,0
452,6,7.072727272727272,3.0,6.0,2.2181818181818183,Single_and_stud,0
453,6,7.072727272727272,3.0,6.0,2.2181818181818183,Single_and_stud,0
454,6,0.0,5.0,0.0,1.0,Long_distance_lover,0
455,6,7.072727272727272,3.0,6.0,2.2181818181818183,Single_and_stud,0
456,6,3.0,2.0,2.0,2.0,Long_distance_lover,0
457,6,7.072727272727272,3.0,6.0,2.2181818181818183,Single_and_stud,0
458,6,7.072727272727272,3.0,6.0,2.2181818181818183,Single_and_stud,0
459,6,7.072727272727272,3.0,6.0,2.2181818181818183,Single_and_stud,0
460,6,7.072727272727272,3.0,6.0,2.2181818181818183,Single_and_stud,0
461,6,7.072727272727272,3.0,6.0,2.2181818181818183,Single_and_stud,0
462,6,1.0,5.0,1.0,0.0,Single_and_stud,0
463,6,7.072727272727272,3.0,6.0,2.2181818181818183,Single_and_stud,0
464,6,7.072727272727272,3.0,6.0,2.2181818181818183,Single_and_stud,0
465,6,17.0,4.0,4.0,2.0,Single_and_stud,0
466,6,7.072727272727272,3.0,6.0,2.2181818181818183,Single_and_stud,0
467,6,7.072727272727272,3.0,6.0,2.2181818181818183,Single_and_stud,0
468,6,7.0,3.0,1.0,1.0,Long_distance_lover,0
469,6,7.072727272727272,3.0,6.0,2.2181818181818183,Single_and_stud,0
470,6,9.0,0.0,4.0,1.0,Long_distance_lover,0
471,6,7.0,5.0,1.0,2.0,Single_and_stud,0
472,6,5.0,7.0,0.0,2.0,Single_and_stud,0
473,6,13.0,0.0,1.0,2.0,Single_and_stud,0
474,6,20.0,0.0,1.0,1.0,Committed_inside_campus,0
475,6,9.0,4.0,3.0,1.0,Long_distance_lover,0
476,6,13.0,6.0,0.0,2.0,Committed_inside_campus,0
477,6,7.072727272727272,3.0,6.0,2.2181818181818183,Single_and_stud,0
478,6,3.0,7.0,0.0,1.0,Long_distance_lover,0
479,6,4.0,0.0,0.0,1.0,Committed_inside_campus,0
480,6,7.072727272727272,3.0,6.0,2.2181818181818183,Single_and_stud,0
481,6,10.0,6.0,2.0,0.0,Single_and_stud,0
482,6,7.072727272727272,3.0,6.0,2.2181818181818183,Single_and_stud,0
483,6,7.072727272727272,3.0,6.0,2.2181818181818183,Single_and_stud,0
484,6,15.0,2.0,4.0,2.0,Committed_inside_campus,0
485,6,7.0,5.0,1.0,1.0,Committed_inside_campus,0
486,6,7.072727272727272,3.0,6.0,2.2181818181818183,Single_and_stud,0
487,6,5.0,6.0,0.0,0.0,Single_and_stud,0
488,6,6.0,7.0,4.0,0.0,Long_distance_lover,0
489,6,7.072727272727272,3.0,6.0,2.2181818181818183,Single_and_stud,0
490,6,7.072727272727272,3.0,6.0,2.2181818181818183,Single_and_stud,0
491,6,7.072727272727272,3.0,6.0,2.2181818181818183,Single_and_stud,0
492,6,17.0,5.0,1.0,1.0,Single_and_stud,0
493,6,7.072727272727272,3.0,6.0,2.2181818181818183,Single_and_stud,0
494,6,15.0,2.0,4.0,0.0,Single_and_stud,0
495,6,8.0,1.0,4.0,0.0,Single_and_stud,0
496,6,7.072727272727272,3.0,6.0,2.2181818181818183,Single_and_stud,0
497,6,6.0,1.0,0.0,2.0,Long_distance_lover,0
498,6,7.072727272727272,3.0,6.0,2.2181818181818183,Single_and_stud,0
499,6,9.0,4.0,4.0,1.0,Long_distance_lover,0
500,12,11.0,2.0,11.0,5.0,Single_and_stud,0
501,12,7.072727272727272,3.0,6.0,2.2181818181818183,Single_and_stud,0
502,12,7.072727272727272,3.0,6.0,2.2181818181818183,Single_and_stud,0
503,12,4.0,6.0,6.0,2.0,Committed_inside_campus,0
504,12,7.072727272727272,3.0,6.0,2.2181818181818183,Single_and_stud,0
505,12,12.0,2.0,0.0,1.0,Committed_inside_campus,0
506,12,7.072727272727272,3.0,6.0,2.2181818181818183,Single_and_stud,0
507,12,7.072727272727272,3.0,6.0,2.2181818181818183,Single_and_stud,0
508,12,7.072727272727272,3.0,6.0,2.2181818181818183,Single_and_stud,0
509,12,7.072727272727272,3.0,6.0,2.2181818181818183,Single_and_stud,0
510,12,7.072727272727272,3.0,6.0,2.2181818181818183,Single_and_stud,0
511,12,4.0,7.0,1.0,1.0,Single_and_stud,0
512,12,7.072727272727272,3.0,6.0,2.2181818181818183,Single_and_stud,0
513,12,8.0,6.0,5.0,3.0,Single_and_stud,0
514,12,3.0,3.0,12.0,4.0,Single_and_stud,0
515,12,7.072727272727272,3.0,6.0,2.2181818181818183,Single_and_stud,0
516,12,15.0,7.0,3.0,3.0,Long_distance_lover,0
517,12,7.072727272727272,3.0,6.0,2.2181818181818183,Single_and_stud,0
518,12,7.072727272727272,3.0,6.0,2.2181818181818183,Single_and_stud,0
519,12,7.072727272727272,3.0,6.0,2.2181818181818183,Single_and_stud,0
520,12,7.072727272727272,3.0,6.0,2.2181818181818183,Single_and_stud,0
521,12,16.0,7.0,2.0,5.0,Long_distance_lover,0
522,12,7.072727272727272,3.0,6.0,2.2181818181818183,Single_and_stud,0
523,12,5.0,0.0,9.0,2.0,Single_and_stud,0
524,12,6.0,4.0,12.0,2.0,Long_distance_lover,0
525,12,7.072727272727272,3.0,6.0,2.2181818181818183,Single_and_stud,0
526,12,7.072727272727272,3.0,6.0,2.2181818181818183,Single_and_stud,0
527,12,8.0,6.0,6.0,1.0,Committed_inside_campus,0
528,12,7.072727272727272,3.0,6.0,2.2181818181818183,Single_and_stud,0
529,12,8.0,4.0,0.0,3.0,Long_distance_lover,0
530,12,7.072727272727272,3.0,6.0,2.2181818181818183,Single_and_stud,0
531,12,7.072727272727272,3.0,6.0,2.2181818181818183,Single_and_stud,0
532,12,7.072727272727272,3.0,6.0,2.2181818181818183,Single_and_stud,0
533,12,7.072727272727272,3.0,6.0,2.2181818181818183,Single_and_stud,0
534,12,13.0,7.0,9.0,1.0,Long_distance_lover,0
535,12,7.072727272727272,3.0,6.0,2.2181818181818183,Single_and_stud,0
536,12,14.0,7.0,12.0,2.0,Committed_inside_campus,0
537,12,7.072727272727272,3.0,6.0,2.2181818181818183,Single_and_stud,0
538,12,7.072727272727272,3.0,6.0,2.2181818181818183,Single_and_stud,0
539,12,7.072727272727272,3.0,6.0,2.2181818181818183,Single_and_stud,0
540,12,7.072727272727272,3.0,6.0,2.2181818181818183,Single_and_stud,0
541,12,7.072727272727272,3.0,6.0,2.2181818181818183,Single_and_stud,0
542,12,5.0,1.0,7.0,3.0,Long_distance_lover,0
543,12,7.072727272727272,3.0,6.0,2.2181818181818183,Single_and_stud,0
544,12,7.072727272727272,3.0,6.0,2.2181818181818183,Single_and_stud,0
545,12,7.072727272727272,3.0,6.0,2.2181818181818183,Single_and_stud,0
546,12,7.072727272727272,3.0,6.0,2.2181818181818183,Single_and_stud,0
547,12,7.072727272727272,3.0,6.0,2.2181818181818183,Single_and_stud,0
548,12,10.0,3.0,4.0,2.0,Single_and_stud,0
549,12,7.072727272727272,3.0,6.0,2.2181818181818183,Single_and_stud,0
550,12,7.072727272727272,3.0,6.0,2.2181818181818183,Single_and_stud,0
551,12,7.0,4.0,10.0,2.0,Committed_inside_campus,0
552,12,6.0,0.0,6.0,5.0,Long_distance_lover,0
553,12,11.0,0.0,12.0,0.0,Committed_inside_campus,0
554,12,2.0,3.0,1.0,3.0,Long_distance_lover,0
555,12,9.0,0.0,11.0,3.0,Long_distance_lover,0
556,12,5.0,0.0,9.0,2.0,Long_distance_lover,0
557,12,7.072727272727272,3.0,6.0,2.2181818181818183,Single_and_stud,0
558,12,13.0,2.0,6.0,0.0,Long_distance_lover,0
559,12,6.0,1.0,3.0,4.0,Long_distance_lover,0
560,12,7.072727272727272,3.0,6.0,2.2181818181818183,Single_and_stud,0
561,12,7.072727272727272,3.0,6.0,2.2181818181818183,Single_and_stud,0
562,12,7.072727272727272,3.0,6.0,2.2181818181818183,Single_and_stud,0
563,12,7.072727272727272,3.0,6.0,2.2181818181818183,Single_and_stud,0
564,12,7.072727272727272,3.0,6.0,2.2181818181818183,Single_and_stud,0
565,12,8.0,4.0,12.0,0.0,Single_and_stud,0
566,12,7.072727272727272,3.0,6.0,2.2181818181818183,Single_and_stud,0
567,12,6.0,3.0,0.0,5.0,Long_distance_lover,0
568,12,5.0,7.0,5.0,3.0,Single_and_stud,0
569,12,7.072727272727272,3.0,6.0,2.2181818181818183,Single_and_stud,0
570,12,7.072727272727272,3.0,6.0,2.2181818181818183,Single_and_stud,0
571,12,7.072727272727272,3.0,6.0,2.2181818181818183,Single_and_stud,0
572,12,7.072727272727272,3.0,6.0,2.2181818181818183,Single_and_stud,0
573,12,7.072727272727272,3.0,6.0,2.2181818181818183,Single_and_stud,0
574,12,0.0,2.0,6.0,2.0,Committed_inside_campus,0
575,12,8.0,7.0,10.0,3.0,Single_and_stud,0
576,12,7.072727272727272,3.0,6.0,2.2181818181818183,Single_and_stud,0
577,12,7.072727272727272,3.0,6.0,2.2181818181818183,Single_and_stud,0
578,12,7.072727272727272,3.0,6.0,2.2181818181818183,Single_and_stud,0
579,12,7.0,4.0,11.0,0.0,Long_distance_lover,0
580,12,14.0,0.0,8.0,2.0,Committed_inside_campus,0
581,12,5.0,5.0,7.0,2.0,Committed_inside_campus,0
582,12,6.0,4.0,10.0,1.0,Single_and_stud,0
583,12,2.0,0.0,5.0,3.0,Long_distance_lover,0
584,12,7.072727272727272,3.0,6.0,2.2181818181818183,Single_and_stud,0
585,12,10.0,0.0,6.0,0.0,Single_and_stud,0
586,12,7.0,4.0,7.0,2.0,Committed_inside_campus,0
587,12,10.0,2.0,9.0,2.0,Single_and_stud,0
588,12,7.072727272727272,3.0,6.0,2.2181818181818183,Single_and_stud,0
589,12,7.072727272727272,3.0,6.0,2.2181818181818183,Single_and_stud,0
590,12,4.0,4.0,10.0,1.0,Committed_inside_campus,0
591,12,7.072727272727272,3.0,6.0,2.2181818181818183,Single_and_stud,0
592,12,0.0,4.0,2.0,4.0,Long_distance_lover,0
593,12,9.0,5.0,7.0,0.0,Long_distance_lover,0
594,12,2.0,2.0,3.0,0.0,Long_distance_lover,0
595,12,10.0,2.0,1.0,4.0,Single_and_stud,0
596,12,7.072727272727272,3.0,6.0,2.2181818181818183,Single_and_stud,0
597,12,0.0,0.0,5.0,0.0,Long_distance_lover,0
598,12,7.072727272727272,3.0,6.0,2.2181818181818183,Single_and_stud,0
599,12,15.0,5.0,4.0,3.0,Long_distance_lover,0
600,12,7.072727272727272,3.0,6.0,2.2181818181818183,Single_and_stud,0
601,12,7.072727272727272,3.0,6.0,2.2181818181818183,Single_and_stud,0
602,12,2.0,0.0,6.0,3.0,Committed_inside_campus,0
603,12,5.0,1.0,11.0,0.0,Single_and_stud,0
604,12,7.072727272727272,3.0,6.0,2.2181818181818183,Single_and_stud,0
605,12,7.072727272727272,3.0,6.0,2.2181818181818183,Single_and_stud,0
606,12,1.0,1.0,7.0,0.0,Committed_inside_campus,0
607,12,6.0,4.0,3.0,5.0,Long_distance_lover,0
608,12,7.0,2.0,3.0,1.0,Committed_inside_campus,0
609,12,2.0,3.0,6.0,3.0,Committed_inside_campus,0
610,12,7.072727272727272,3.0,6.0,2.2181818181818183,Single_and_stud,0
611,12,7.0,2.0,2.0,5.0,Committed_inside_campus,0
612,12,2.0,0.0,7.0,3.0,Committed_inside_campus,0
613,12,2.0,2.0,1.0,3.0,Committed_inside_campus,0
614,12,7.072727272727272,3.0,6.0,2.2181818181818183,Single_and_stud,0
615,12,7.072727272727272,3.0,6.0,2.2181818181818183,Single_and_stud,0
616,12,13.0,7.0,7.0,0.0,Single_and_stud,0
617,12,7.072727272727272,3.0,6.0,2.2181818181818183,Single_and_stud,0
618,12,7.072727272727272,3.0,6.0,2.2181818181818183,Single_and_stud,0
619,12,13.0,2.0,7.0,3.0,Long_distance_lover,0
